{
  "version": 1,
  "author": "Anonymous maker",
  "editor": "wokwi",
  "parts": [
    {
      "type": "board-esp32-devkit-c-v4",
      "id": "esp",
      "top": 8.46,
      "left": -31.9,
      "rotate": 270,
      "attrs": {}
    },
    { "type": "wokwi-led", "id": "led1", "top": 54, "left": 176.6, "attrs": { "color": "red" } },
    {
      "type": "wokwi-led",
      "id": "led2",
      "top": 130.8,
      "left": 186.2,
      "attrs": { "color": "white" }
    },
    {
      "type": "wokwi-pushbutton",
      "id": "btn1",
      "top": 249,
      "left": -64.2,
      "rotate": 90,
      "attrs": { "color": "green" }
    },
    {
      "type": "wokwi-pushbutton",
      "id": "btn2",
      "top": 249,
      "left": 3,
      "rotate": 90,
      "attrs": { "color": "yellow" }
    },
    {
      "type": "wokwi-pushbutton",
      "id": "btn3",
      "top": 249,
      "left": 108.6,
      "rotate": 90,
      "attrs": { "color": "red" }
    },
    {
      "type": "wokwi-resistor",
      "id": "r1",
      "top": 147.95,
      "left": -182.4,
      "attrs": { "value": "1000" }
    },
    {
      "type": "wokwi-resistor",
      "id": "r2",
      "top": 205.55,
      "left": -182.4,
      "attrs": { "value": "1000" }
    },
    {
      "type": "wokwi-resistor",
      "id": "r3",
      "top": 263.15,
      "left": -192,
      "attrs": { "value": "1000" }
    }
  ],
  "connections": [
    [ "esp:TX", "$serialMonitor:RX", "", [] ],
    [ "esp:RX", "$serialMonitor:TX", "", [] ],
    [ "esp:3V3", "r1:2", "green", [ "v0" ] ],
    [ "r1:1", "btn1:2.r", "green", [ "v28.8", "h124.5" ] ],
    [ "esp:GND.3", "btn1:1.r", "purple", [ "v-19.2", "h-76.8", "v268.8", "h38.4" ] ],
    [ "esp:GND.3", "btn2:1.r", "black", [ "v-19.2", "h-76.8", "v278.4", "h124.8" ] ],
    [ "esp:GND.3", "btn3:1.r", "cyan", [ "v-19.2", "h-76.8", "v278.4", "h230.4" ] ],
    [ "esp:GND.3", "led1:C", "black", [ "v-19.2", "h172.8" ] ],
    [ "esp:GND.3", "led2:C", "black", [ "v-9.6", "h172.8", "v19.2" ] ],
    [ "btn1:2.l", "esp:4", "green", [ "v-67.2", "h124.6" ] ],
    [ "btn2:2.l", "esp:33", "yellow", [ "v-48", "h-19.4" ] ],
    [ "btn3:2.l", "esp:34", "red", [ "v-57.6", "h-153.8" ] ],
    [ "esp:2", "led1:A", "green", [ "v-38.4", "h182.4", "v9.6" ] ],
    [ "esp:32", "led2:A", "white", [ "v28.65", "h211.2", "v9.6" ] ],
    [ "esp:3V3", "r2:2", "gold", [ "v0" ] ],
    [ "esp:3V3", "r3:2", "red", [ "v0" ] ],
    [ "r2:1", "btn2:2.r", "gold", [ "v0" ] ],
    [ "r3:1", "btn3:2.r", "red", [ "v0" ] ]
  ],
  "dependencies": {}
}